timestamp,pod_name,namespace,node_name,cpu_available_ratio,memory_available_ratio,cpu_capacity,memory_capacity,cpu_load_avg,memory_load_avg,network_latency_normalized,pod_density,pod_cpu_request,pod_memory_request,pod_type_score,label
2025-11-14T13:56:09.132168,synthetic-pod-0,workloads,scheduler5g-dev-worker3,0.20744491770647697,0.36589492660632084,4.0,8589934592.0,0.792555082293523,0.6341050733936792,0.14158886619997735,0.6225750554104597,0.09943176992563724,313263661.9973707,0.7,1.0
2025-11-14T14:04:09.132168,synthetic-pod-1,workloads,scheduler5g-dev-worker3,0.7954543996267235,0.47904147766257477,4.0,8589934592.0,0.20454560037327651,0.5209585223374252,0.6158714159177948,0.03772738684087545,0.15898974095987906,389808475.5156793,0.6,1.0
2025-11-14T14:12:09.132168,synthetic-pod-2,workloads,scheduler5g-dev-worker3,0.8653863352883876,0.45787251765725956,4.0,8589934592.0,0.1346136647116124,0.5421274823427404,0.6158422686379547,0.693736284041549,0.40312912480236246,173006833.31351945,0.8,1.0
2025-11-14T14:19:09.132168,synthetic-pod-3,workloads,scheduler5g-dev-worker,0.7814191678348785,0.8021653655303499,4.0,8589934592.0,0.21858083216512147,0.1978346344696501,0.23189960123106834,0.7695055335419037,0.3404778850009982,434831603.0946466,0.5,1.0
2025-11-14T14:26:09.132168,synthetic-pod-4,workloads,scheduler5g-dev-control-plane,0.8084123055542431,0.6458539936239263,4.0,8589934592.0,0.19158769444575685,0.35414600637607374,0.4657954759762011,0.5564706935559219,0.05481646560452751,364307562.4892969,0.6,1.0
2025-11-14T14:28:09.132168,synthetic-pod-5,workloads,scheduler5g-dev-worker2,0.24629088248919198,0.19511725549541678,4.0,8589934592.0,0.753709117510808,0.8048827445045832,0.8903746608727279,0.42772509289611893,0.34897273632602915,321567313.817788,0.7,1.0
2025-11-14T14:38:09.132168,synthetic-pod-6,workloads,scheduler5g-dev-control-plane,0.5400338259886087,0.7073691075544885,4.0,8589934592.0,0.4599661740113913,0.29263089244551155,0.6490095863152753,0.6125659458829684,0.07410977543387273,449310278.4242289,0.5,1.0
2025-11-14T14:46:09.132168,synthetic-pod-7,workloads,scheduler5g-dev-control-plane,0.2209111289204941,0.34078375523021365,4.0,8589934592.0,0.7790888710795059,0.6592162447697864,0.4531880219012159,0.35654135603477494,0.18026727091267958,388885390.4621588,0.8,1.0
2025-11-14T14:52:09.132168,synthetic-pod-8,workloads,scheduler5g-dev-worker2,0.37897280402111677,0.3407095975056763,4.0,8589934592.0,0.6210271959788832,0.6592904024943237,0.20962131117356608,0.6669362130514458,0.46818591000994325,355899225.9064034,0.8,1.0
2025-11-14T14:55:09.132168,synthetic-pod-9,workloads,scheduler5g-dev-control-plane,0.681477358226761,0.7004479747540774,4.0,8589934592.0,0.31852264177323897,0.2995520252459226,0.2599823857643143,0.11945774150990758,0.1565438209019706,407361351.7249788,0.8,1.0
2025-11-14T14:56:09.132168,synthetic-pod-10,workloads,scheduler5g-dev-worker3,0.8484697869273664,0.5669827282417766,4.0,8589934592.0,0.1515302130726336,0.43301727175822335,0.8982296149572504,0.7783692203299457,0.21379107017396004,291903160.23348546,0.7,1.0
2025-11-14T15:01:09.132168,synthetic-pod-11,workloads,scheduler5g-dev-control-plane,0.1471218338189785,0.5100435448790044,4.0,8589934592.0,0.8528781661810215,0.4899564551209956,0.4340518870807839,0.18292299600674228,0.3489491453415639,107787534.7941342,0.6,1.0
2025-11-14T15:07:09.132168,synthetic-pod-12,workloads,scheduler5g-dev-worker,0.8998648380098887,0.5717994279511439,4.0,8589934592.0,0.1001351619901113,0.4282005720488561,0.8429524002927841,0.7872034511851319,0.39838172326349436,483095812.81051004,0.5,1.0
2025-11-14T15:11:09.132168,synthetic-pod-13,workloads,scheduler5g-dev-worker2,0.4596394768573162,0.7880384479553741,4.0,8589934592.0,0.5403605231426838,0.21196155204462586,0.028084704028583207,0.013915663988386574,0.23806718098688906,197024624.73238182,0.6,1.0
2025-11-14T15:17:09.132168,synthetic-pod-14,workloads,scheduler5g-dev-control-plane,0.32062586481367894,0.5844990802384111,4.0,8589934592.0,0.6793741351863211,0.41550091976158887,0.905854912652141,0.7190916835918917,0.264831280064579,193276677.7249747,0.8,1.0
2025-11-14T15:27:09.132168,synthetic-pod-15,workloads,scheduler5g-dev-worker2,0.3091743021211212,0.1679132378326739,4.0,8589934592.0,0.6908256978788788,0.8320867621673261,0.3083918376739301,0.5625203619612857,0.25581621268237376,343347087.14718926,0.6,1.0
2025-11-14T15:28:09.132168,synthetic-pod-16,workloads,scheduler5g-dev-worker3,0.3219712153160137,0.19870239772973114,4.0,8589934592.0,0.6780287846839863,0.8012976022702689,0.01611303753132909,0.5217434809399141,0.2657706156679717,334934969.7641329,0.5,1.0
2025-11-14T15:37:09.132168,synthetic-pod-17,workloads,scheduler5g-dev-worker2,0.8287319929729768,0.7878267317540536,4.0,8589934592.0,0.17126800702702316,0.2121732682459464,0.7595857316753036,0.6109748809801306,0.18002756558075284,152454488.07746652,0.5,1.0
2025-11-14T15:44:09.132168,synthetic-pod-18,workloads,scheduler5g-dev-control-plane,0.47356061416986595,0.1640207934996602,4.0,8589934592.0,0.526439385830134,0.8359792065003397,0.6509186247108381,0.3395174667193177,0.2552883856596689,484418344.29043144,0.7,1.0
2025-11-14T15:48:09.132168,synthetic-pod-19,workloads,scheduler5g-dev-worker2,0.2342116548520986,0.5731003891364426,4.0,8589934592.0,0.7657883451479014,0.42689961086355743,0.8094423491531205,0.5223484063785345,0.14180439079192833,194581451.03020337,0.5,1.0
2025-11-14T15:51:09.132168,synthetic-pod-20,workloads,scheduler5g-dev-worker2,0.3197638120551729,0.6957911938784784,4.0,8589934592.0,0.6802361879448271,0.30420880612152157,0.27576221228235676,0.33493573807294946,0.2101396686329141,465106136.01607484,0.5,1.0
2025-11-14T15:55:09.132168,synthetic-pod-21,workloads,scheduler5g-dev-control-plane,0.16439705002278932,0.682521559121195,4.0,8589934592.0,0.8356029499772106,0.31747844087880495,0.09737128153697916,0.04322630533223633,0.2627901047477595,441571004.6051449,0.6,1.0
2025-11-14T15:57:09.132168,synthetic-pod-22,workloads,scheduler5g-dev-worker,0.11721096263939677,0.38490402647536437,4.0,8589934592.0,0.8827890373606032,0.6150959735246356,0.5956547382696195,0.151229193680524,0.08531978659096784,490697975.94240487,0.7,1.0
2025-11-14T16:06:09.132168,synthetic-pod-23,workloads,scheduler5g-dev-worker,0.857761260321065,0.4825248167757541,4.0,8589934592.0,0.14223873967893497,0.5174751832242459,0.08553835331739801,0.3953121005805203,0.12085670154412541,468279011.63240504,0.6,1.0
2025-11-14T16:13:09.132168,synthetic-pod-24,workloads,scheduler5g-dev-worker2,0.7202706883116881,0.4071764508074732,4.0,8589934592.0,0.27972931168831194,0.5928235491925268,0.732104141164079,0.22224613662020787,0.23546281847047873,75654557.85873657,0.5,1.0
2025-11-14T16:19:09.132168,synthetic-pod-25,workloads,scheduler5g-dev-control-plane,0.40144079033956925,0.5873730314153186,4.0,8589934592.0,0.5985592096604307,0.4126269685846814,0.6180413021242215,0.07651152847774362,0.2640917092686707,525291630.5078689,0.6,1.0
2025-11-14T16:28:09.132168,synthetic-pod-26,workloads,scheduler5g-dev-worker3,0.18366025417709322,0.5205278595077812,4.0,8589934592.0,0.8163397458229068,0.47947214049221876,0.5971976958502383,0.4042481502074212,0.08822021626558778,247390697.34814686,0.9,1.0
2025-11-14T16:33:09.132168,synthetic-pod-27,workloads,scheduler5g-dev-control-plane,0.2893899471481978,0.48651323756921305,4.0,8589934592.0,0.7106100528518022,0.513486762430787,0.7935490223131288,0.17905273485542575,0.3117892026068674,322314739.82134867,0.8,1.0
2025-11-14T16:37:09.132168,synthetic-pod-28,workloads,scheduler5g-dev-worker2,0.8652147094658379,0.692128478917731,4.0,8589934592.0,0.1347852905341621,0.307871521082269,0.6033724571492943,0.5158975855497082,0.30162709938763255,427204156.9649453,0.9,1.0
2025-11-14T16:41:09.132168,synthetic-pod-29,workloads,scheduler5g-dev-worker2,0.5272495661718883,0.6199576868352791,4.0,8589934592.0,0.47275043382811166,0.3800423131647209,0.1267943548622643,0.6533988946629576,0.4288600821765116,68534567.04843773,0.6,1.0
2025-11-14T16:45:09.132168,synthetic-pod-30,workloads,scheduler5g-dev-worker,0.41667207855631616,0.4409087058777823,4.0,8589934592.0,0.5833279214436838,0.5590912941222177,0.09525562740062565,0.7778001493143011,0.1520297264066364,104480592.21963531,0.9,1.0
2025-11-14T16:50:09.132168,synthetic-pod-31,workloads,scheduler5g-dev-worker2,0.22016374802153918,0.8253056236533441,4.0,8589934592.0,0.7798362519784608,0.17469437634665586,0.9974772043214966,0.6141768966411487,0.29173479851009804,238088124.88295957,0.7,1.0
2025-11-14T16:51:09.132168,synthetic-pod-32,workloads,scheduler5g-dev-worker2,0.832232037617869,0.27977774853068715,4.0,8589934592.0,0.167767962382131,0.7202222514693128,0.39220303059708983,0.6525511996978209,0.43569016753973744,332778724.9070265,0.7,1.0
2025-11-14T17:00:09.132168,synthetic-pod-33,workloads,scheduler5g-dev-worker,0.7826078247712921,0.5960884112534582,4.0,8589934592.0,0.2173921752287079,0.40391158874654176,0.5435216169772682,0.647358007289588,0.25003041703572015,182269947.07138503,0.8,1.0
2025-11-14T17:04:09.132168,synthetic-pod-34,workloads,scheduler5g-dev-worker2,0.8650534499403091,0.7602801452828246,4.0,8589934592.0,0.13494655005969092,0.23971985471717538,0.061589017447093775,0.6618353161909435,0.21059885673458784,345529241.8777736,0.9,1.0
2025-11-14T17:08:09.132168,synthetic-pod-35,workloads,scheduler5g-dev-control-plane,0.149446149422361,0.37566755944912766,4.0,8589934592.0,0.850553850577639,0.6243324405508723,0.3346006908936643,0.016698127564659517,0.19421905933744532,346169034.5150596,0.9,1.0
2025-11-14T17:15:09.132168,synthetic-pod-36,workloads,scheduler5g-dev-control-plane,0.19038954146141496,0.4148176679112483,4.0,8589934592.0,0.809610458538585,0.5851823320887517,0.7369716263156337,0.465896443043792,0.21638884621992388,207002004.10193598,0.8,1.0
2025-11-14T17:23:09.132168,synthetic-pod-37,workloads,scheduler5g-dev-control-plane,0.2022765671374546,0.8145691218768413,4.0,8589934592.0,0.7977234328625454,0.18543087812315873,0.808182250206084,0.48733854054488757,0.08023226441006506,503568818.7362705,0.6,1.0
2025-11-14T17:32:09.132168,synthetic-pod-38,workloads,scheduler5g-dev-worker2,0.8732754830909694,0.19810964577454274,4.0,8589934592.0,0.12672451690903064,0.8018903542254573,0.6890119669228405,0.35021508498047765,0.2585196678045885,105284787.38880879,0.7,1.0
2025-11-14T17:42:09.132168,synthetic-pod-39,workloads,scheduler5g-dev-worker,0.31991707819097776,0.3669903947881642,4.0,8589934592.0,0.6800829218090223,0.6330096052118358,0.22311679141446594,0.2032043914805418,0.36166214426413346,288163366.49871784,0.5,1.0
2025-11-14T17:43:09.132168,synthetic-pod-40,workloads,scheduler5g-dev-worker2,0.3522933243752989,0.6669995552548982,4.0,8589934592.0,0.6477066756247011,0.3330004447451018,0.2687526735501047,0.5346301689690558,0.2992810668780042,422541281.26061404,0.6,1.0
2025-11-14T17:52:09.132168,synthetic-pod-41,workloads,scheduler5g-dev-worker,0.14797939389697162,0.6058218102329314,4.0,8589934592.0,0.8520206061030284,0.39417818976706864,0.29552632276821134,0.37703397448126674,0.1136816915750497,176844437.73874336,0.6,1.0
2025-11-14T17:55:09.132168,synthetic-pod-42,workloads,scheduler5g-dev-worker3,0.2885516735360477,0.7911220392298326,4.0,8589934592.0,0.7114483264639523,0.2088779607701674,0.16500513388318927,0.7320319895537696,0.4657953541276242,167607446.0505618,0.5,1.0
2025-11-14T17:59:09.132168,synthetic-pod-43,workloads,scheduler5g-dev-worker2,0.2176778830688444,0.7766522242670415,4.0,8589934592.0,0.7823221169311556,0.2233477757329585,0.1916584220709927,0.6743311524138813,0.2586442081379101,518577097.2258167,0.8,1.0
2025-11-14T18:06:09.132168,synthetic-pod-44,workloads,scheduler5g-dev-worker,0.12199080238895084,0.6452381102471352,4.0,8589934592.0,0.8780091976110491,0.3547618897528648,0.9005036719206962,0.35550771863565567,0.3115410239113276,305706295.56607723,0.5,1.0
2025-11-14T18:14:09.132168,synthetic-pod-45,workloads,scheduler5g-dev-worker,0.7152634772368589,0.4707283953075089,4.0,8589934592.0,0.2847365227631411,0.5292716046924911,0.2193503497961179,0.5658151215771007,0.07851344214117302,204441545.26248074,0.5,1.0
2025-11-14T18:15:09.132168,synthetic-pod-46,workloads,scheduler5g-dev-worker2,0.8329206747415269,0.4159717704104142,4.0,8589934592.0,0.16707932525847313,0.5840282295895858,0.010062091387489702,0.675527165257824,0.059671676200149036,450379388.19395703,0.8,1.0
2025-11-14T18:21:09.132168,synthetic-pod-47,workloads,scheduler5g-dev-worker2,0.28615645456160266,0.42433917197469373,4.0,8589934592.0,0.7138435454383973,0.5756608280253063,0.8250997123639682,0.6045851750487917,0.4563324304647015,256894844.97909737,0.8,1.0
2025-11-14T18:22:09.132168,synthetic-pod-48,workloads,scheduler5g-dev-worker,0.39509358862933075,0.1969616434706036,4.0,8589934592.0,0.6049064113706693,0.8030383565293964,0.7694599387551034,0.06433723948163168,0.33252086453601,510562656.7260984,0.6,1.0
2025-11-14T18:31:09.132168,synthetic-pod-49,workloads,scheduler5g-dev-worker3,0.766967983566269,0.4712868864341444,4.0,8589934592.0,0.23303201643373095,0.5287131135658556,0.6649106938829431,0.09762479094519182,0.21275289119208313,448946797.9353778,0.5,1.0
2025-11-14T18:39:09.132168,synthetic-pod-50,workloads,scheduler5g-dev-control-plane,0.5734547737107379,0.386284531760831,4.0,8589934592.0,0.42654522628926206,0.613715468239169,0.37130534456212205,0.6260007987935271,0.1615364183987738,362605204.83629876,0.8,1.0
2025-11-14T18:43:09.132168,synthetic-pod-51,workloads,scheduler5g-dev-worker,0.7963279731434415,0.6303357742505545,4.0,8589934592.0,0.2036720268565585,0.36966422574944546,0.8028156732602144,0.6490263465346078,0.30915418457158955,231121550.97578785,0.7,1.0
2025-11-14T18:44:09.132168,synthetic-pod-52,workloads,scheduler5g-dev-worker,0.8448419910104857,0.7942210890130735,4.0,8589934592.0,0.15515800898951426,0.20577891098692647,0.28812504808094885,0.21009679017592175,0.2539287810617629,344605428.0528202,0.5,1.0
2025-11-14T18:50:09.132168,synthetic-pod-53,workloads,scheduler5g-dev-worker3,0.15114455640342284,0.4523031332532996,4.0,8589934592.0,0.8488554435965772,0.5476968667467004,0.5500533917218573,0.060572756855964464,0.10660539878534687,131490999.65049031,0.9,1.0
2025-11-14T18:54:09.132168,synthetic-pod-54,workloads,scheduler5g-dev-worker3,0.4294624646241646,0.35923329691196715,4.0,8589934592.0,0.5705375353758354,0.6407667030880329,0.41604379176861783,0.45640382058443274,0.1358899265435136,515536476.18746006,0.6,1.0
2025-11-14T18:59:09.132168,synthetic-pod-55,workloads,scheduler5g-dev-worker2,0.6220207428138638,0.309919444647601,4.0,8589934592.0,0.37797925718613623,0.690080555352399,0.6416454976115158,0.7693569369828624,0.49622194735768427,290008944.69504046,0.7,1.0
2025-11-14T19:05:09.132168,synthetic-pod-56,workloads,scheduler5g-dev-worker2,0.36100502260935585,0.2675368512514922,4.0,8589934592.0,0.6389949773906441,0.7324631487485078,0.8279034010071651,0.17791205119030107,0.14278234720388427,506477204.48245454,0.8,1.0
2025-11-14T19:06:09.132168,synthetic-pod-57,workloads,scheduler5g-dev-worker2,0.7488006420444713,0.31568307659264355,4.0,8589934592.0,0.2511993579555287,0.6843169234073565,0.5633752717866544,0.09955144796876692,0.4695880182994531,278336205.50559855,0.6,1.0
2025-11-14T19:14:09.132168,synthetic-pod-58,workloads,scheduler5g-dev-worker2,0.17818099180128322,0.7308523462005925,4.0,8589934592.0,0.8218190081987168,0.2691476537994075,0.17257359209540069,0.6654937324472991,0.4783202130994237,418511077.96638805,0.7,1.0
2025-11-14T19:17:09.132168,synthetic-pod-59,workloads,scheduler5g-dev-worker3,0.8706483698018377,0.5840179746380209,4.0,8589934592.0,0.12935163019816232,0.41598202536197915,0.02859119083527628,0.3267358789997949,0.07059905615986951,227302296.42973334,0.7,1.0
2025-11-14T19:18:09.132168,synthetic-pod-60,workloads,scheduler5g-dev-worker3,0.5061441381987154,0.7343738247809961,4.0,8589934592.0,0.4938558618012846,0.2656261752190039,0.00016340769722233972,0.059979298392945246,0.31040741158987356,493181151.85827947,0.8,1.0
2025-11-14T19:20:09.132168,synthetic-pod-61,workloads,scheduler5g-dev-worker3,0.4392579107237182,0.6250856117075172,4.0,8589934592.0,0.5607420892762818,0.3749143882924828,0.5521039296149514,0.7353195882898269,0.4319747185845205,159015453.3057605,0.6,1.0
2025-11-14T19:27:09.132168,synthetic-pod-62,workloads,scheduler5g-dev-worker,0.8571893520128545,0.6978444481229583,4.0,8589934592.0,0.1428106479871455,0.3021555518770417,0.816679265316347,0.6590676856172606,0.35491437339373855,415607302.9953005,0.8,1.0
2025-11-14T19:34:09.132168,synthetic-pod-63,workloads,scheduler5g-dev-worker3,0.5462680153220337,0.5162042214706092,4.0,8589934592.0,0.45373198467796627,0.4837957785293908,0.81179373875075,0.28396819824116076,0.31074496300895454,478272999.5419037,0.8,1.0
2025-11-14T19:36:09.132168,synthetic-pod-64,workloads,scheduler5g-dev-control-plane,0.33511179429612703,0.1411295149217553,4.0,8589934592.0,0.664888205703873,0.8588704850782447,0.7521434420818708,0.16729158001672914,0.31331413795596696,99555116.98184031,0.5,1.0
2025-11-14T19:43:09.132168,synthetic-pod-65,workloads,scheduler5g-dev-worker,0.8487046869242502,0.5629337728270771,4.0,8589934592.0,0.15129531307574984,0.43706622717292287,0.2583749040587676,0.42507611608022455,0.21727581955980674,533820331.0940992,0.5,1.0
2025-11-14T19:45:09.132168,synthetic-pod-66,workloads,scheduler5g-dev-worker,0.7924277805977088,0.16180689725495645,4.0,8589934592.0,0.2075722194022912,0.8381931027450436,0.7063631569217913,0.011736070519441456,0.3545963212818788,470031725.93804634,0.8,1.0
2025-11-14T19:49:09.132168,synthetic-pod-67,workloads,scheduler5g-dev-worker2,0.11491757626266459,0.3509725641404845,4.0,8589934592.0,0.8850824237373354,0.6490274358595155,0.5019758310986542,0.3296441165402313,0.4346194829396743,286306382.9228467,0.9,1.0
2025-11-14T19:52:09.132168,synthetic-pod-68,workloads,scheduler5g-dev-worker2,0.1936669966611433,0.29693110568108505,4.0,8589934592.0,0.8063330033388567,0.703068894318915,0.3591913259840025,0.5455935420661807,0.16959231326755644,521494987.0537075,0.7,1.0
2025-11-14T20:02:09.132168,synthetic-pod-69,workloads,scheduler5g-dev-worker2,0.13739272305732708,0.2247545234891619,4.0,8589934592.0,0.8626072769426729,0.7752454765108381,0.910566509247018,0.5903626087547081,0.23458557760818266,448701552.74188644,0.5,1.0
2025-11-14T20:05:09.132168,synthetic-pod-70,workloads,scheduler5g-dev-worker,0.5836600544424682,0.8308477482135624,4.0,8589934592.0,0.41633994555753184,0.16915225178643756,0.597988695797035,0.639649545218592,0.17534349723580983,275746267.52940345,0.5,1.0
2025-11-14T20:13:09.132168,synthetic-pod-71,workloads,scheduler5g-dev-worker2,0.45961171778769505,0.43235486445212357,4.0,8589934592.0,0.540388282212305,0.5676451355478764,0.9513471687979204,0.0724338860980546,0.2475615800208435,388119870.08336794,0.8,1.0
2025-11-14T20:23:09.132168,synthetic-pod-72,workloads,scheduler5g-dev-worker2,0.4450121528205849,0.7429472500202011,4.0,8589934592.0,0.5549878471794151,0.2570527499797989,0.8121345971466309,0.7969139547984294,0.29287216566811547,524639965.8138293,0.9,1.0
2025-11-14T20:32:09.132168,synthetic-pod-73,workloads,scheduler5g-dev-worker3,0.19219623119754684,0.4345725939778182,4.0,8589934592.0,0.8078037688024532,0.5654274060221818,0.9553519525566333,0.3289815278442765,0.26135005051490323,129621701.37978083,0.8,1.0
2025-11-14T20:38:09.132168,synthetic-pod-74,workloads,scheduler5g-dev-worker2,0.576228296737064,0.2587788804900771,4.0,8589934592.0,0.423771703262936,0.741221119509923,0.41747571077089307,0.7175917716287596,0.19246852472964848,116665181.26991904,0.8,1.0
2025-11-14T20:45:09.132168,synthetic-pod-75,workloads,scheduler5g-dev-worker3,0.23279481379013411,0.6131197209635447,4.0,8589934592.0,0.7672051862098659,0.3868802790364553,0.6138132893720559,0.05624011866856585,0.24977234357712708,253905788.5715043,0.8,1.0
2025-11-14T20:46:09.132168,synthetic-pod-76,workloads,scheduler5g-dev-worker2,0.2752356015380719,0.4472895556229255,4.0,8589934592.0,0.7247643984619281,0.5527104443770745,0.5059698110039021,0.3612378780525675,0.07100695640761578,367848783.4498275,0.5,1.0
2025-11-14T20:53:09.132168,synthetic-pod-77,workloads,scheduler5g-dev-worker3,0.3483246882911608,0.293100020146668,4.0,8589934592.0,0.6516753117088392,0.706899979853332,0.5819369761088887,0.4693770211797221,0.056019087013181076,272304862.0715259,0.7,1.0
2025-11-14T21:02:09.132168,synthetic-pod-78,workloads,scheduler5g-dev-worker2,0.1112238915751461,0.6450101426970776,4.0,8589934592.0,0.8887761084248539,0.35498985730292243,0.8424771360897684,0.3082153781643207,0.2614280106687739,456161379.3988214,0.5,1.0
2025-11-14T21:10:09.132168,synthetic-pod-79,workloads,scheduler5g-dev-worker,0.5520972539335725,0.2082938009464612,4.0,8589934592.0,0.44790274606642755,0.7917061990535388,0.8379323262893024,0.6952280542679146,0.21939894498205104,278487596.2954654,0.9,1.0
2025-11-14T21:20:09.132168,synthetic-pod-80,workloads,scheduler5g-dev-worker,0.7400463952575768,0.13909272754431382,4.0,8589934592.0,0.25995360474242324,0.8609072724556862,0.5485946189759828,0.15078192454128045,0.24161095871414495,354054574.4076392,0.7,1.0
2025-11-14T21:25:09.132168,synthetic-pod-81,workloads,scheduler5g-dev-worker,0.5890420515206298,0.37100341320625974,4.0,8589934592.0,0.41095794847937017,0.6289965867937403,0.5412821987936995,0.10460434519385907,0.3861524880776184,406279147.2470276,0.8,1.0
2025-11-14T21:31:09.132168,synthetic-pod-82,workloads,scheduler5g-dev-worker,0.10706846352119187,0.6204616457029192,4.0,8589934592.0,0.8929315364788082,0.3795383542970808,0.012087098139611396,0.46390921271769914,0.31923996200145033,208528985.07602,0.8,1.0
2025-11-14T21:40:09.132168,synthetic-pod-83,workloads,scheduler5g-dev-control-plane,0.5893122715403627,0.7844848473107046,4.0,8589934592.0,0.4106877284596373,0.21551515268929544,0.8272577821814873,0.4853465928391827,0.16607249309524202,118981115.5867976,0.6,1.0
2025-11-14T21:47:09.132168,synthetic-pod-84,workloads,scheduler5g-dev-control-plane,0.7712950507136948,0.6559085823256987,4.0,8589934592.0,0.22870494928630525,0.3440914176743013,0.23425666949198165,0.3313500494104121,0.07094321689723738,206138600.58755696,0.8,1.0
2025-11-14T21:49:09.132168,synthetic-pod-85,workloads,scheduler5g-dev-worker,0.46709152144149646,0.5938326818526938,4.0,8589934592.0,0.5329084785585035,0.4061673181473062,0.3158703256898705,0.39471733637582007,0.2693088689814647,273779897.06060034,0.7,1.0
2025-11-14T21:59:09.132168,synthetic-pod-86,workloads,scheduler5g-dev-worker2,0.19137516705266872,0.42959627553308877,4.0,8589934592.0,0.8086248329473313,0.5704037244669112,0.8218185988396125,0.37621842585538057,0.25131150329431984,535417455.1679626,0.5,1.0
2025-11-14T22:02:09.132168,synthetic-pod-87,workloads,scheduler5g-dev-worker2,0.5139675683421363,0.5426485168396123,4.0,8589934592.0,0.4860324316578637,0.45735148316038765,0.96196998645209,0.19581541306458466,0.44471192985643965,364838180.26856005,0.6,1.0
2025-11-14T22:10:09.132168,synthetic-pod-88,workloads,scheduler5g-dev-control-plane,0.6902839350557957,0.8420822836330711,4.0,8589934592.0,0.30971606494420434,0.15791771636692886,0.7533689629081203,0.7984265094363355,0.18672398280233377,425774452.01475644,0.9,1.0
2025-11-14T22:14:09.132168,synthetic-pod-89,workloads,scheduler5g-dev-worker3,0.7825722969890769,0.775391796919243,4.0,8589934592.0,0.21742770301092307,0.22460820308075702,0.3267427509371267,0.16268911144765622,0.26504090757818577,71196127.87391964,0.6,1.0
2025-11-14T22:21:09.132168,synthetic-pod-90,workloads,scheduler5g-dev-worker3,0.6984127268744001,0.12724784294359043,4.0,8589934592.0,0.30158727312559985,0.8727521570564096,0.16214606786331942,0.10233736425691671,0.18646236530502214,199458432.26044118,0.7,1.0
2025-11-14T22:23:09.132168,synthetic-pod-91,workloads,scheduler5g-dev-worker,0.4231245533250785,0.6784330813748145,4.0,8589934592.0,0.5768754466749215,0.3215669186251855,0.015638651891766497,0.6996687602609133,0.25261788522097656,261217031.62095937,0.8,1.0
2025-11-14T22:29:09.132168,synthetic-pod-92,workloads,scheduler5g-dev-control-plane,0.34062126729531583,0.28999338676809605,4.0,8589934592.0,0.6593787327046842,0.710006613231904,0.2204132176750957,0.6854349534799418,0.3609858611974541,143935264.90487123,0.9,1.0
2025-11-14T22:36:09.132168,synthetic-pod-93,workloads,scheduler5g-dev-worker,0.5421766743843768,0.24579653988031264,4.0,8589934592.0,0.4578233256156232,0.7542034601196874,0.19522242220148156,0.27843315384827383,0.3014337607816512,301115212.253266,0.6,1.0
2025-11-14T22:41:09.132168,synthetic-pod-94,workloads,scheduler5g-dev-worker,0.8468102778567345,0.3869889308159076,4.0,8589934592.0,0.15318972214326554,0.6130110691840924,0.06779357621705684,0.6145609610706453,0.4922521398598234,171916810.38423753,0.8,1.0
2025-11-14T22:46:09.132168,synthetic-pod-95,workloads,scheduler5g-dev-control-plane,0.5337131127297194,0.7689848679918768,4.0,8589934592.0,0.46628688727028056,0.23101513200812318,0.7071274716392543,0.7186084270800669,0.3787144591828746,304712119.47782594,0.5,1.0
2025-11-14T22:52:09.132168,synthetic-pod-96,workloads,scheduler5g-dev-worker2,0.38082917531653127,0.4908528567339675,4.0,8589934592.0,0.6191708246834687,0.5091471432660325,0.8917533261644648,0.006204537452868398,0.10641180081297638,329444887.11042714,0.6,1.0
2025-11-14T22:54:09.132168,synthetic-pod-97,workloads,scheduler5g-dev-worker3,0.5560008559162939,0.35946628149967064,4.0,8589934592.0,0.4439991440837061,0.6405337185003294,0.6875859390762882,0.5792941600913515,0.09194375686340014,288856976.9027839,0.8,1.0
2025-11-14T22:58:09.132168,synthetic-pod-98,workloads,scheduler5g-dev-worker3,0.3830545747377234,0.3437480897784451,4.0,8589934592.0,0.6169454252622766,0.6562519102215549,0.2965461926050691,0.5857747544873447,0.1699032422553857,90316449.98504485,0.9,1.0
2025-11-14T22:59:09.132168,synthetic-pod-99,workloads,scheduler5g-dev-worker2,0.3655276225937286,0.19558836603044788,4.0,8589934592.0,0.6344723774062714,0.8044116339695522,0.4500177395777326,0.3486550959187775,0.3198071052290798,488967292.51585436,0.7,1.0
2025-11-14T23:05:09.132168,synthetic-pod-100,workloads,scheduler5g-dev-worker,0.7443095514334331,0.3655014474231053,4.0,8589934592.0,0.25569044856656686,0.6344985525768947,0.4107374482609235,0.24196755300484363,0.3428116396458682,477830271.8664375,0.5,1.0
2025-11-14T23:11:09.132168,synthetic-pod-101,workloads,scheduler5g-dev-control-plane,0.5947785461110775,0.7893272762836974,4.0,8589934592.0,0.4052214538889225,0.21067272371630263,0.8746322081404192,0.2725591255618657,0.170128758570373,351461795.06489617,0.8,1.0
2025-11-14T23:12:09.132168,synthetic-pod-102,workloads,scheduler5g-dev-worker2,0.4292056693004688,0.7532260787662025,4.0,8589934592.0,0.5707943306995312,0.2467739212337975,0.22476187961049798,0.22045851279420312,0.17821322473744777,257829298.28125745,0.5,1.0
2025-11-14T23:20:09.132168,synthetic-pod-103,workloads,scheduler5g-dev-worker2,0.3640977612115063,0.22155614439717325,4.0,8589934592.0,0.6359022387884937,0.7784438556028268,0.2759971604290079,0.3778610531985864,0.3631253452960907,191080262.90438443,0.5,1.0
2025-11-14T23:25:09.132168,synthetic-pod-104,workloads,scheduler5g-dev-worker2,0.19096683075195733,0.25163374026664465,4.0,8589934592.0,0.8090331692480427,0.7483662597333554,0.2789098611982085,0.20014139133993938,0.30336149705182197,461341022.20592433,0.5,1.0
2025-11-14T23:35:09.132168,synthetic-pod-105,workloads,scheduler5g-dev-worker2,0.15814962108369165,0.7674288896105728,4.0,8589934592.0,0.8418503789163083,0.23257111038942724,0.42399979127258647,0.6827190391752421,0.2452773209711412,265940845.18061346,0.6,1.0
2025-11-14T23:41:09.132168,synthetic-pod-106,workloads,scheduler5g-dev-control-plane,0.7490801284316329,0.7599137225026609,4.0,8589934592.0,0.25091987156836715,0.24008627749733913,0.612156499884503,0.5549512480761725,0.4875990256187574,526457063.1383481,0.7,1.0
2025-11-14T23:46:09.132168,synthetic-pod-107,workloads,scheduler5g-dev-worker2,0.6220439972864416,0.8513463191960231,4.0,8589934592.0,0.37795600271355845,0.1486536808039769,0.5785330727949921,0.46027479061677945,0.3578356737947748,384063704.1677543,0.7,1.0
2025-11-14T23:56:09.132168,synthetic-pod-108,workloads,scheduler5g-dev-worker2,0.7922077802674713,0.83540803250755,4.0,8589934592.0,0.2077922197325287,0.16459196749244998,0.8389612998952458,0.5137507160333642,0.19086882762041602,158543008.99144107,0.7,1.0
2025-11-14T23:59:09.132168,synthetic-pod-109,workloads,scheduler5g-dev-worker3,0.48343580281066045,0.6086593747638249,4.0,8589934592.0,0.5165641971893395,0.3913406252361751,0.20673175339637018,0.009421271703680657,0.29884769448088694,532473862.68258256,0.9,1.0
2025-11-15T00:06:09.132168,synthetic-pod-110,workloads,scheduler5g-dev-worker2,0.10134849229113777,0.7514793842467591,4.0,8589934592.0,0.8986515077088623,0.24852061575324091,0.7770327424835124,0.29894970897775835,0.23749968028735507,428833004.6354077,0.9,1.0
2025-11-15T00:11:09.132168,synthetic-pod-111,workloads,scheduler5g-dev-worker3,0.8486174473898671,0.7109356239863321,4.0,8589934592.0,0.1513825526101329,0.28906437601366786,0.658102414382709,0.47227362801456807,0.1724010768436711,510493971.4534749,0.5,1.0
2025-11-15T00:16:09.132168,synthetic-pod-112,workloads,scheduler5g-dev-control-plane,0.22307065311929,0.20571185639198744,4.0,8589934592.0,0.77692934688071,0.7942881436080126,0.012547853034343692,0.5681282213191884,0.2751086850049971,302722914.48325443,0.9,1.0
2025-11-15T00:25:09.132168,synthetic-pod-113,workloads,scheduler5g-dev-worker3,0.12290369534260988,0.5513982762159214,4.0,8589934592.0,0.8770963046573901,0.4486017237840786,0.7263811874767043,0.6102628721042169,0.14587659168357253,137254015.43659085,0.7,1.0
2025-11-15T00:26:09.132168,synthetic-pod-114,workloads,scheduler5g-dev-control-plane,0.8010081281123826,0.785517180278239,4.0,8589934592.0,0.19899187188761736,0.21448281972176098,0.32547478867305346,0.7788163430377528,0.446655130438707,107233920.78365764,0.9,1.0
2025-11-15T00:30:09.132168,synthetic-pod-115,workloads,scheduler5g-dev-worker3,0.8250716450331539,0.5126055905585584,4.0,8589934592.0,0.1749283549668461,0.48739440944144163,0.07447884837591057,0.6666285276918471,0.08429367054967653,74159235.3868111,0.9,1.0
2025-11-15T00:40:09.132168,synthetic-pod-116,workloads,scheduler5g-dev-worker,0.8369376728143235,0.41949342571694215,4.0,8589934592.0,0.16306232718567648,0.5805065742830579,0.22405155715531544,0.6557118270731634,0.4329094120559364,264471637.02985373,0.8,1.0
2025-11-15T00:50:09.132168,synthetic-pod-117,workloads,scheduler5g-dev-control-plane,0.44250373779640007,0.4699557093243797,4.0,8589934592.0,0.5574962622035999,0.5300442906756203,0.8518448656811015,0.20679798946865466,0.19440404942505896,138765461.26962626,0.5,1.0
2025-11-15T00:52:09.132168,synthetic-pod-118,workloads,scheduler5g-dev-worker,0.45688953405274535,0.1300324450024345,4.0,8589934592.0,0.5431104659472547,0.8699675549975655,0.5664680380726572,0.7991322829129148,0.27536611349940743,400608376.7542336,0.9,1.0
2025-11-15T00:55:09.132168,synthetic-pod-119,workloads,scheduler5g-dev-worker,0.1517864045315995,0.12508165465560017,4.0,8589934592.0,0.8482135954684005,0.8749183453443998,0.7618688663505877,0.2495488663867641,0.428177586954457,521841298.60274076,0.7,1.0
2025-11-15T01:04:09.132168,synthetic-pod-120,workloads,scheduler5g-dev-worker3,0.15224903142296126,0.12423416095177978,4.0,8589934592.0,0.8477509685770388,0.8757658390482203,0.587090252595904,0.3613798881128843,0.24611345044732896,397888739.757247,0.9,1.0
2025-11-15T01:08:09.132168,synthetic-pod-121,workloads,scheduler5g-dev-worker,0.6664979000710106,0.16117545646126807,4.0,8589934592.0,0.3335020999289894,0.8388245435387319,0.376712877598374,0.15953108882577594,0.1320160006879277,423285130.02232844,0.9,1.0
2025-11-15T01:16:09.132168,synthetic-pod-122,workloads,scheduler5g-dev-worker3,0.17328312205940027,0.7067703628442406,4.0,8589934592.0,0.8267168779405998,0.29322963715575945,0.5518698743825773,0.027701661160864612,0.2599705163376359,381301152.4995531,0.7,1.0
2025-11-15T01:19:09.132168,synthetic-pod-123,workloads,scheduler5g-dev-control-plane,0.42063321889613836,0.7995948228280418,4.0,8589934592.0,0.5793667811038616,0.20040517717195816,0.482080657236463,0.17439691179424824,0.3632070752201091,117421439.94571805,0.7,1.0
2025-11-15T01:20:09.132168,synthetic-pod-124,workloads,scheduler5g-dev-worker2,0.6359489963053782,0.6774255761024802,4.0,8589934592.0,0.36405100369462184,0.3225744238975198,0.1597594052335629,0.6188638676344067,0.4680222597602469,257118860.03102306,0.6,1.0
2025-11-15T01:23:09.132168,synthetic-pod-125,workloads,scheduler5g-dev-worker,0.5885101226917558,0.4502527360659232,4.0,8589934592.0,0.41148987730824416,0.5497472639340768,0.7154926098296511,0.4259109967745355,0.26676385500860245,362961837.6701821,0.8,1.0
2025-11-15T01:28:09.132168,synthetic-pod-126,workloads,scheduler5g-dev-control-plane,0.31080465045691985,0.3194354614578432,4.0,8589934592.0,0.6891953495430801,0.6805645385421568,0.8023133259966101,0.1688727128075602,0.3394340062272538,405981412.92757356,0.8,1.0
2025-11-15T01:32:09.132168,synthetic-pod-127,workloads,scheduler5g-dev-worker3,0.2376212713095093,0.6835884891419415,4.0,8589934592.0,0.7623787286904907,0.3164115108580585,0.23287931851817711,0.2488465237028078,0.28456208144661144,201609726.9350488,0.5,1.0
2025-11-15T01:40:09.132168,synthetic-pod-128,workloads,scheduler5g-dev-control-plane,0.27579128641561224,0.4127086441855181,4.0,8589934592.0,0.7242087135843878,0.5872913558144819,0.7197345010031942,0.5000492013112577,0.11764730176979378,174523813.2227308,0.7,1.0
2025-11-15T01:44:09.132168,synthetic-pod-129,workloads,scheduler5g-dev-worker,0.6763735006887966,0.32734487055260064,4.0,8589934592.0,0.32362649931120335,0.6726551294473994,0.03274019304531983,0.45541147238392377,0.452496288029805,444567286.94341,0.7,1.0
2025-11-15T01:50:09.132168,synthetic-pod-130,workloads,scheduler5g-dev-control-plane,0.8730000585540616,0.6862568266579426,4.0,8589934592.0,0.1269999414459384,0.31374317334205737,0.09866341027740377,0.3271716086337364,0.28270424733215266,263349941.77112263,0.9,1.0
2025-11-15T01:54:09.132168,synthetic-pod-131,workloads,scheduler5g-dev-worker3,0.8838359667075014,0.7013667882394853,4.0,8589934592.0,0.11616403329249858,0.2986332117605147,0.17318627304934808,0.4186592510230524,0.21095964759202973,147425271.86125258,0.6,1.0
2025-11-15T01:55:09.132168,synthetic-pod-132,workloads,scheduler5g-dev-worker,0.8137611954256909,0.5564161027396479,4.0,8589934592.0,0.18623880457430908,0.4435838972603521,0.8374451058401533,0.6056498597403392,0.40955210760041705,480517321.99103993,0.5,1.0
2025-11-15T02:05:09.132168,synthetic-pod-133,workloads,scheduler5g-dev-worker2,0.254919762946343,0.838773848229728,4.0,8589934592.0,0.745080237053657,0.161226151770272,0.6744235898787049,0.328733960600078,0.24584488113854291,232115612.42202306,0.7,1.0
2025-11-15T02:08:09.132168,synthetic-pod-134,workloads,scheduler5g-dev-worker,0.5728062122180241,0.8029264932426327,4.0,8589934592.0,0.4271937877819759,0.19707350675736734,0.9570243996685487,0.5332180375313419,0.3665813844458696,529408244.0153144,0.6,1.0
2025-11-15T02:10:09.132168,synthetic-pod-135,workloads,scheduler5g-dev-worker3,0.7772111559578109,0.5842208920094659,4.0,8589934592.0,0.22278884404218913,0.4157791079905341,0.5204375047518753,0.3442255505044295,0.4315797960788418,71560586.41874626,0.5,1.0
2025-11-15T02:19:09.132168,synthetic-pod-136,workloads,scheduler5g-dev-control-plane,0.36813659169833335,0.6206939557230937,4.0,8589934592.0,0.6318634083016667,0.3793060442769063,0.5232814362695711,0.2714893614057905,0.39708528595556675,482433918.5562443,0.6,1.0
2025-11-15T02:22:09.132168,synthetic-pod-137,workloads,scheduler5g-dev-worker2,0.4091433384459854,0.6822917183767299,4.0,8589934592.0,0.5908566615540146,0.31770828162327014,0.7361091564424501,0.7759370507872705,0.17861006716695838,486705759.24297464,0.5,1.0
2025-11-15T02:32:09.132168,synthetic-pod-138,workloads,scheduler5g-dev-control-plane,0.7006539597791238,0.39347727124351306,4.0,8589934592.0,0.2993460402208762,0.6065227287564869,0.9650009027436579,0.13333573428683065,0.1631280901344216,291073983.86497134,0.8,1.0
2025-11-15T02:42:09.132168,synthetic-pod-139,workloads,scheduler5g-dev-worker2,0.7203956256286443,0.503200580414514,4.0,8589934592.0,0.27960437437135566,0.496799419585486,0.6211620059171006,0.64371988134475,0.23585956290076582,310154924.40885717,0.6,1.0
2025-11-15T02:43:09.132168,synthetic-pod-140,workloads,scheduler5g-dev-worker3,0.7046571364853421,0.6789946549437339,4.0,8589934592.0,0.2953428635146579,0.3210053450562661,0.9969023931791134,0.6139762301125966,0.4431434313099433,224502952.63222474,0.7,1.0
2025-11-15T02:51:09.132168,synthetic-pod-141,workloads,scheduler5g-dev-worker3,0.8955261007752051,0.7082626124479908,4.0,8589934592.0,0.10447389922479489,0.2917373875520092,0.4048394654701628,0.7211367146240946,0.2369149303319818,249405389.34283167,0.8,1.0
2025-11-15T02:58:09.132168,synthetic-pod-142,workloads,scheduler5g-dev-worker3,0.26322607757365035,0.6240288190558088,4.0,8589934592.0,0.7367739224263496,0.37597118094419124,0.05386893567782802,0.21422621122633717,0.308592656932185,314099409.0698207,0.9,1.0
2025-11-15T03:03:09.132168,synthetic-pod-143,workloads,scheduler5g-dev-worker2,0.7068025325676632,0.5573639755306877,4.0,8589934592.0,0.29319746743233677,0.4426360244693123,0.02789445321142059,0.028819394821185097,0.12192375512027098,138077651.7517842,0.6,1.0
2025-11-15T03:13:09.132168,synthetic-pod-144,workloads,scheduler5g-dev-worker2,0.5679880296348608,0.3642525686841416,4.0,8589934592.0,0.43201197036513916,0.6357474313158584,0.451332746406356,0.5811092562714854,0.30350397051049105,345939932.6195117,0.5,1.0
2025-11-15T03:17:09.132168,synthetic-pod-145,workloads,scheduler5g-dev-control-plane,0.5173316648483406,0.3477809703505522,4.0,8589934592.0,0.4826683351516594,0.6522190296494478,0.7497387302181173,0.21975715133353227,0.18366395312566003,160249361.9733324,0.5,1.0
2025-11-15T03:19:09.132168,synthetic-pod-146,workloads,scheduler5g-dev-worker2,0.8864500240025099,0.6470708392021198,4.0,8589934592.0,0.11354997599749006,0.35292916079788017,0.06835446042572912,0.5915462896611696,0.34717010122660363,230316488.20820284,0.6,1.0
2025-11-15T03:26:09.132168,synthetic-pod-147,workloads,scheduler5g-dev-worker3,0.45906835199933205,0.7055846256112605,4.0,8589934592.0,0.540931648000668,0.29441537438873955,0.5097603453800189,0.7464852919284146,0.31731793061462876,348373230.20838684,0.6,1.0
2025-11-15T03:31:09.132168,synthetic-pod-148,workloads,scheduler5g-dev-control-plane,0.20765457865921527,0.1092126218676822,4.0,8589934592.0,0.7923454213407848,0.8907873781323178,0.9855923222371947,0.2588384042679402,0.13685094620894817,135615456.22575235,0.5,1.0
2025-11-15T03:34:09.132168,synthetic-pod-149,workloads,scheduler5g-dev-worker,0.8231107712899401,0.8637067532235636,4.0,8589934592.0,0.17688922871005985,0.1362932467764364,0.9881998225296995,0.27397485007965855,0.14735626668294532,199761125.17191043,0.6,1.0
2025-11-15T03:37:09.132168,synthetic-pod-150,workloads,scheduler5g-dev-worker3,0.5739741049109516,0.6113295652060067,4.0,8589934592.0,0.4260258950890484,0.3886704347939933,0.16333699583211803,0.4494510870230999,0.22062293915187747,229460151.6564817,0.9,1.0
2025-11-15T03:45:09.132168,synthetic-pod-151,workloads,scheduler5g-dev-worker3,0.5977686877927019,0.5704725870560682,4.0,8589934592.0,0.40223131220729813,0.4295274129439318,0.5753048951617036,0.4547865968270178,0.46538289131708416,473868368.21652913,0.5,1.0
2025-11-15T03:49:09.132168,synthetic-pod-152,workloads,scheduler5g-dev-worker2,0.18610372553671733,0.31692651199604815,4.0,8589934592.0,0.8138962744632827,0.6830734880039518,0.6548218799973112,0.2446087178334067,0.0857630071825242,435311507.73558116,0.6,1.0
2025-11-15T03:58:09.132168,synthetic-pod-153,workloads,scheduler5g-dev-worker,0.43111665504373864,0.5311120312276183,4.0,8589934592.0,0.5688833449562614,0.4688879687723817,0.5837640778282513,0.689831565529075,0.10951209483389207,164248782.9060266,0.7,1.0
2025-11-15T04:07:09.132168,synthetic-pod-154,workloads,scheduler5g-dev-worker2,0.3828462158356646,0.8011794771709323,4.0,8589934592.0,0.6171537841643354,0.1988205228290677,0.2672112517873555,0.23740560919333387,0.4881159989596618,147498566.1439126,0.5,1.0
2025-11-15T04:15:09.132168,synthetic-pod-155,workloads,scheduler5g-dev-worker3,0.21716216623238208,0.35720643653179596,4.0,8589934592.0,0.782837833767618,0.642793563468204,0.6183808844531196,0.35081881607035714,0.08530092152204412,154414009.5683528,0.8,1.0
2025-11-15T04:23:09.132168,synthetic-pod-156,workloads,scheduler5g-dev-worker2,0.5345314178041731,0.19191986851583964,4.0,8589934592.0,0.4654685821958269,0.8080801314841604,0.9082324723654277,0.28213516180604614,0.16657323460285517,161722188.6135382,0.7,1.0
2025-11-15T04:27:09.132168,synthetic-pod-157,workloads,scheduler5g-dev-control-plane,0.8351725654057263,0.7366706313815916,4.0,8589934592.0,0.16482743459427374,0.2633293686184084,0.6301790349289562,0.32047217940689166,0.4299522802986161,286742343.05167085,0.6,1.0
2025-11-15T04:35:09.132168,synthetic-pod-158,workloads,scheduler5g-dev-worker3,0.6510997038604257,0.4442505366271646,4.0,8589934592.0,0.3489002961395743,0.5557494633728354,0.8957661132311804,0.620476392642921,0.4579961276579428,263724566.10900193,0.5,1.0
2025-11-15T04:40:09.132168,synthetic-pod-159,workloads,scheduler5g-dev-worker3,0.2781884157408195,0.2981598284783398,4.0,8589934592.0,0.7218115842591806,0.7018401715216602,0.8137125439270645,0.1069924762501656,0.3597331025358288,80182658.99298601,0.6,1.0
2025-11-15T04:46:09.132168,synthetic-pod-160,workloads,scheduler5g-dev-worker2,0.4950417657636298,0.7470241790908295,4.0,8589934592.0,0.5049582342363702,0.2529758209091705,0.5571308716148854,0.662192433013425,0.17270148855221742,371868723.63819754,0.6,1.0
2025-11-15T04:52:09.132168,synthetic-pod-161,workloads,scheduler5g-dev-worker2,0.31037727649948377,0.34136292129276075,4.0,8589934592.0,0.6896227235005162,0.6586370787072393,0.4656911179071229,0.47871319277852803,0.05259895653905325,182963900.18543574,0.6,1.0
2025-11-15T04:58:09.132168,synthetic-pod-162,workloads,scheduler5g-dev-worker2,0.3624039142682659,0.4219695104309261,4.0,8589934592.0,0.6375960857317341,0.5780304895690739,0.2917969290766145,0.43866082688264163,0.26017610260908836,210530007.1061219,0.9,1.0
2025-11-15T05:08:09.132168,synthetic-pod-163,workloads,scheduler5g-dev-worker,0.41026514142281567,0.3781436108723216,4.0,8589934592.0,0.5897348585771843,0.6218563891276784,0.02658070846967031,0.351085351944855,0.27474199355441303,96766975.75781247,0.7,1.0
2025-11-15T05:09:09.132168,synthetic-pod-164,workloads,scheduler5g-dev-worker3,0.13734564939378802,0.8735608188583139,4.0,8589934592.0,0.862654350606212,0.12643918114168606,0.5477291839285814,0.18147163645281328,0.3721355354903562,330911554.1125528,0.7,1.0
2025-11-15T05:13:09.132168,synthetic-pod-165,workloads,scheduler5g-dev-worker2,0.8800534886664916,0.46882414459339583,4.0,8589934592.0,0.11994651133350842,0.5311758554066042,0.1655933354553213,0.261454395942054,0.10477519766718621,327940459.5974889,0.8,1.0
2025-11-15T05:19:09.132168,synthetic-pod-166,workloads,scheduler5g-dev-worker,0.232102638187886,0.4878963350885641,4.0,8589934592.0,0.767897361812114,0.5121036649114359,0.4396434809860764,0.2288980859444231,0.2375886088835648,306263395.300715,0.5,1.0
2025-11-15T05:27:09.132168,synthetic-pod-167,workloads,scheduler5g-dev-worker,0.3374641814979016,0.33706019088276906,4.0,8589934592.0,0.6625358185020984,0.6629398091172309,0.39058961877020115,0.17901155333386898,0.24418955279893362,452930493.423573,0.8,1.0
2025-11-15T05:35:09.132168,synthetic-pod-168,workloads,scheduler5g-dev-worker2,0.8896089218059231,0.18431076482278164,4.0,8589934592.0,0.1103910781940769,0.8156892351772184,0.1893637551906494,0.3545386718014081,0.45980446620738125,156930402.89237553,0.6,1.0
2025-11-15T05:37:09.132168,synthetic-pod-169,workloads,scheduler5g-dev-worker2,0.4406977658274799,0.49109025765223036,4.0,8589934592.0,0.5593022341725201,0.5089097423477696,0.6288818285029716,0.0950574727764379,0.3592001466006313,398555448.0760129,0.7,1.0
2025-11-15T05:44:09.132168,synthetic-pod-170,workloads,scheduler5g-dev-worker,0.7658967409787815,0.5985328144994425,4.0,8589934592.0,0.23410325902121853,0.4014671855005575,0.04469370980149956,0.40768107490294725,0.06849245581796472,366862027.01999044,0.5,1.0
2025-11-15T05:47:09.132168,synthetic-pod-171,workloads,scheduler5g-dev-worker,0.43966765053889245,0.38615193965623396,4.0,8589934592.0,0.5603323494611075,0.613848060343766,0.7794723598072506,0.27739984121555067,0.0961086660533168,403374473.93065953,0.5,1.0
2025-11-15T05:54:09.132168,synthetic-pod-172,workloads,scheduler5g-dev-control-plane,0.6484135478015151,0.39543913756164795,4.0,8589934592.0,0.35158645219848494,0.604560862438352,0.38039960331935496,0.023145621970229957,0.42879986934725794,379748244.67472625,0.8,1.0
2025-11-15T05:57:09.132168,synthetic-pod-173,workloads,scheduler5g-dev-worker,0.1663434144269022,0.2869935717781582,4.0,8589934592.0,0.8336565855730977,0.7130064282218418,0.6098423755164704,0.5319326624318709,0.22747428042765128,267061257.5005827,0.9,1.0
2025-11-15T06:02:09.132168,synthetic-pod-174,workloads,scheduler5g-dev-worker2,0.49833337402688305,0.10100050734736916,4.0,8589934592.0,0.501666625973117,0.8989994926526308,0.9938221008634095,0.4026043100665737,0.41546307175329833,297607045.6205236,0.8,1.0
2025-11-15T06:07:09.132168,synthetic-pod-175,workloads,scheduler5g-dev-worker,0.756044963278133,0.7325235581233865,4.0,8589934592.0,0.24395503672186702,0.26747644187661346,0.6222980633956061,0.7046531339359304,0.19340662657683738,257602542.89187744,0.8,1.0
2025-11-15T06:13:09.132168,synthetic-pod-176,workloads,scheduler5g-dev-control-plane,0.11190097545198939,0.8177470659869143,4.0,8589934592.0,0.8880990245480106,0.18225293401308573,0.5251286011721511,0.5848812623144145,0.21427053497606946,317204638.072559,0.7,1.0
2025-11-15T06:23:09.132168,synthetic-pod-177,workloads,scheduler5g-dev-worker3,0.20505551368770353,0.6132850335886025,4.0,8589934592.0,0.7949444863122965,0.38671496641139746,0.8044994961957229,0.21600111704045377,0.06520050969088535,445742895.40845597,0.9,1.0
2025-11-15T06:27:09.132168,synthetic-pod-178,workloads,scheduler5g-dev-worker3,0.8729954804431163,0.6294078583802858,4.0,8589934592.0,0.12700451955688374,0.3705921416197142,0.9237880463101182,0.7741603502084657,0.43205374590062773,259533301.0380925,0.5,1.0
2025-11-15T06:33:09.132168,synthetic-pod-179,workloads,scheduler5g-dev-control-plane,0.7514127250008416,0.5929504404792154,4.0,8589934592.0,0.24858727499915845,0.4070495595207846,0.8652594789327958,0.3598665211445939,0.22806894654435256,419980944.79978526,0.8,1.0
2025-11-15T06:38:09.132168,synthetic-pod-180,workloads,scheduler5g-dev-control-plane,0.26342831504194986,0.5158152088046289,4.0,8589934592.0,0.7365716849580501,0.48418479119537106,0.9287565737653553,0.6384170915473296,0.3688515094514934,250841705.032777,0.8,1.0
2025-11-15T06:44:09.132168,synthetic-pod-181,workloads,scheduler5g-dev-control-plane,0.4590837376060263,0.491853528647923,4.0,8589934592.0,0.5409162623939737,0.508146471352077,0.5774601971303676,0.05284660453016574,0.12543498413260845,304511431.2227423,0.6,1.0
2025-11-15T06:47:09.132168,synthetic-pod-182,workloads,scheduler5g-dev-control-plane,0.15628404239960833,0.7225008280761018,4.0,8589934592.0,0.8437159576003916,0.27749917192389817,0.5930922026545411,0.26272715721103196,0.07272971311491909,94079337.0122098,0.9,1.0
2025-11-15T06:53:09.132168,synthetic-pod-183,workloads,scheduler5g-dev-control-plane,0.5887114046759917,0.2570771600978704,4.0,8589934592.0,0.4112885953240083,0.7429228399021296,0.5755526383753836,0.31751555612335036,0.18797319638322957,106150156.18604678,0.7,1.0
2025-11-15T06:59:09.132168,synthetic-pod-184,workloads,scheduler5g-dev-worker3,0.273532084555133,0.6263683103000492,4.0,8589934592.0,0.726467915444867,0.37363168969995075,0.215051537451882,0.18089417960378196,0.13523310866722194,135100135.1954203,0.8,1.0
2025-11-15T07:07:09.132168,synthetic-pod-185,workloads,scheduler5g-dev-worker,0.8174912296950732,0.7569883645287939,4.0,8589934592.0,0.18250877030492685,0.24301163547120608,0.9860657868586985,0.3124429167651835,0.37163144024875167,349447899.10664207,0.9,1.0
2025-11-15T07:17:09.132168,synthetic-pod-186,workloads,scheduler5g-dev-control-plane,0.7882020023065415,0.2817948830575124,4.0,8589934592.0,0.21179799769345853,0.7182051169424877,0.6977467061035727,0.6259032198375657,0.45243593991944775,405550720.33090794,0.7,1.0
2025-11-15T07:26:09.132168,synthetic-pod-187,workloads,scheduler5g-dev-worker3,0.2578837800553545,0.17402805689559753,4.0,8589934592.0,0.7421162199446455,0.8259719431044025,0.1437001961660519,0.4237697623670343,0.4929464772497643,225311001.5748351,0.5,1.0
2025-11-15T07:32:09.132168,synthetic-pod-188,workloads,scheduler5g-dev-worker,0.21503043657866386,0.8891628901335235,4.0,8589934592.0,0.7849695634213362,0.11083710986647655,0.6777982824397011,0.699790830416438,0.11866834094316987,243483073.47894585,0.6,1.0
2025-11-15T07:36:09.132168,synthetic-pod-189,workloads,scheduler5g-dev-control-plane,0.5262935162314623,0.4994189091603426,4.0,8589934592.0,0.47370648376853774,0.5005810908396574,0.24143369074834298,0.6988626327668371,0.3656224674601846,344899988.5198584,0.8,1.0
2025-11-15T07:45:09.132168,synthetic-pod-190,workloads,scheduler5g-dev-worker2,0.8623314886119758,0.8617242723450436,4.0,8589934592.0,0.13766851138802416,0.13827572765495644,0.5951253894625056,0.1969126484834618,0.2584241323237426,229613272.00702763,0.9,1.0
2025-11-15T07:46:09.132168,synthetic-pod-191,workloads,scheduler5g-dev-worker,0.8515892555314322,0.7853357031454091,4.0,8589934592.0,0.14841074446856783,0.21466429685459087,0.8356200599809808,0.5934833146086489,0.4670095273984533,279358869.8531871,0.5,1.0
2025-11-15T07:48:09.132168,synthetic-pod-192,workloads,scheduler5g-dev-control-plane,0.7877222148566686,0.2987649278185419,4.0,8589934592.0,0.2122777851433314,0.7012350721814581,0.9498938177226445,0.008912587966056673,0.4406519439803333,409883350.09165823,0.9,1.0
2025-11-15T07:52:09.132168,synthetic-pod-193,workloads,scheduler5g-dev-worker3,0.35247507418049484,0.5433626224051138,4.0,8589934592.0,0.6475249258195052,0.4566373775948862,0.5946781410393488,0.2719224983880721,0.34397012446888686,206152847.62926,0.5,1.0
2025-11-15T07:54:09.132168,synthetic-pod-194,workloads,scheduler5g-dev-control-plane,0.6796862658077323,0.5868469984095047,4.0,8589934592.0,0.3203137341922677,0.4131530015904953,0.029941433887464397,0.34391300156119453,0.36278125888981233,382631760.41591763,0.5,1.0
2025-11-15T08:02:09.132168,synthetic-pod-195,workloads,scheduler5g-dev-worker2,0.5672283733434681,0.17156407560841594,4.0,8589934592.0,0.4327716266565319,0.8284359243915841,0.7065717634654682,0.7117521250671572,0.420410214617625,237193775.53201038,0.7,1.0
2025-11-15T08:06:09.132168,synthetic-pod-196,workloads,scheduler5g-dev-worker,0.15357774026494087,0.7087701769138505,4.0,8589934592.0,0.8464222597350591,0.29122982308614953,0.37021659378888094,0.12148150310798425,0.06164011921129021,329339781.04225737,0.9,1.0
2025-11-15T08:13:09.132168,synthetic-pod-197,workloads,scheduler5g-dev-worker3,0.5769571721660219,0.262054148688161,4.0,8589934592.0,0.42304282783397806,0.737945851311839,0.20145371603764173,0.7155588795522301,0.44969653953616845,277495040.7691886,0.6,1.0
2025-11-15T08:23:09.132168,synthetic-pod-198,workloads,scheduler5g-dev-worker,0.12358984580827732,0.5029859350548481,4.0,8589934592.0,0.8764101541917226,0.4970140649451519,0.6185706827515105,0.3849294798023361,0.3282215195426407,528748288.1067323,0.6,1.0
2025-11-15T08:32:09.132168,synthetic-pod-199,workloads,scheduler5g-dev-worker3,0.5252065555761218,0.2004924031426783,4.0,8589934592.0,0.47479344442387816,0.7995075968573218,0.17843115733271242,0.6890543029363944,0.2819470338379595,425845796.5252268,0.9,1.0
